{"train/cont_loss":0.10192787647247314,"_timestamp":1.7690695967090058e+09,"train_loss":1.2148032188415527,"train/span_acc":0.3285595774650574,"trainer/global_step":699,"train/cont_loss_mean":0.11588706821203232,"_step":34,"_wandb":{"runtime":2351},"epoch":0,"train/cont_acc":0.962745189666748,"train/global_loss":1.1568596363067627,"_runtime":2351,"train/entropy":1.1051210165023804}