{"_step":384,"_wandb":{"runtime":20971},"trainer/global_step":3849,"train/span_acc":0.8416149616241455,"epoch":3,"_runtime":20971,"train_loss":0.8111146092414856,"train/entropy":0.7035171985626221,"_timestamp":1.7690037012536988e+09}