{"train/global_loss":0.7665746212005615,"train/entropy":0.6873291730880737,"train_loss":0.7894352674484253,"_wandb":{"runtime":271990},"train/span_acc":0.726726770401001,"_timestamp":1.7693418847197053e+09,"trainer/global_step":20459,"train/cont_loss_mean":0.045721158385276794,"_runtime":271990,"train/cont_loss":0.0660635456442833,"epoch":7,"_step":1022,"train/cont_acc":0.9686275124549866}